SEASON,MATCHID,GAMEWEEK,RESULT,HODDS
2016.17,1,1,A,2.4
2016.17,2,1,A,2
2016.17,3,1,D,3.2
2016.17,4,1,H,4.5
2016.17,5,1,H,1.25
2016.17,6,1,D,2.38
2016.17,7,1,D,1.8
2016.17,8,1,A,2.4
2016.17,9,1,A,4.75
2016.17,10,1,H,1.65
2016.17,11,2,H,1.53
2016.17,12,2,H,6.5
2016.17,13,2,D,2.88
2016.17,14,2,A,5.5
2016.17,15,2,A,1.8
2016.17,16,2,H,1.45
2016.17,17,2,A,5.5
2016.17,18,2,A,3
2016.17,19,2,A,2.55
2016.17,20,2,H,1.95
2016.17,21,3,H,1.25
2016.17,22,3,D,2.3
2016.17,23,3,H,1.73
2016.17,24,3,A,8
2016.17,25,3,H,1.73
2016.17,26,3,D,1.57
2016.17,27,3,D,2.38
2016.17,28,3,A,5
2016.17,29,3,H,1.25
2016.17,30,3,D,2.6
2016.17,31,4,H,1.57
2016.17,32,4,H,2.05
2016.17,33,4,D,2.45
2016.17,34,4,H,1.7
2016.17,35,4,A,2.38
2016.17,36,4,A,2.3
2016.17,37,4,A,4.6
2016.17,38,4,A,1.91
2016.17,39,4,D,5.75
2016.17,40,4,A,3.8
2016.17,41,5,A,2.25
2016.17,42,5,H,1.67
2016.17,43,5,A,6
2016.17,44,5,H,1.5
2016.17,45,5,H,1.29
2016.17,46,5,H,2.8
2016.17,47,5,H,2
2016.17,48,5,H,1.7
2016.17,49,5,H,1.33
2016.17,50,5,H,6
2016.17,51,6,H,2.4
2016.17,52,6,H,3.6
2016.17,53,6,H,1.22
2016.17,54,6,H,1.73
2016.17,55,6,A,3.75
2016.17,56,6,D,2.38
2016.17,57,6,A,2.88
2016.17,58,6,A,9
2016.17,59,6,A,2.8
2016.17,60,6,H,2.9
2016.17,61,7,D,1.73
2016.17,62,7,A,7.5
2016.17,63,7,D,2.5
2016.17,64,7,A,8
2016.17,65,7,D,2.38
2016.17,66,7,D,2.25
2016.17,67,7,A,9
2016.17,68,7,D,2.25
2016.17,69,7,D,1.33
2016.17,70,7,H,3
2016.17,71,8,H,1.29
2016.17,72,8,H,1.85
2016.17,73,8,H,1.57
2016.17,74,8,A,2.15
2016.17,75,8,D,1.5
2016.17,76,8,H,2
2016.17,77,8,D,5.5
2016.17,78,8,A,2.25
2016.17,79,8,H,1.4
2016.17,80,8,D,2.2
2016.17,81,9,D,1.25
2016.17,82,9,D,4.2
2016.17,83,9,H,6
2016.17,84,9,A,3.1
2016.17,85,9,H,2.05
2016.17,86,9,H,1.29
2016.17,87,9,D,2.38
2016.17,88,9,H,1.67
2016.17,89,9,H,2.15
2016.17,90,9,D,1.5
2016.17,91,10,A,5.25
2016.17,92,10,D,1.2
2016.17,93,10,H,2.5
2016.17,94,10,A,9
2016.17,95,10,D,1.62
2016.17,96,10,H,1.75
2016.17,97,10,A,8
2016.17,98,10,H,1.8
2016.17,99,10,A,3.2
2016.17,100,10,H,2.05
2016.17,101,11,A,1.65
2016.17,102,11,H,3.3
2016.17,103,11,H,1.53
2016.17,104,11,D,1.22
2016.17,105,11,D,2
2016.17,106,11,D,1.95
2016.17,107,11,H,5.75
2016.17,108,11,A,1.8
2016.17,109,11,H,1.29
2016.17,110,11,A,5
2016.17,111,12,A,6.5
2016.17,112,12,D,1.6
2016.17,113,12,D,2.6
2016.17,114,12,D,3.4
2016.17,115,12,A,2.3
2016.17,116,12,H,2.15
2016.17,117,12,H,1.5
2016.17,118,12,H,2.8
2016.17,119,12,A,7
2016.17,120,12,H,1.95
2016.17,121,13,A,9
2016.17,122,13,H,1.75
2016.17,123,13,D,3.1
2016.17,124,13,D,1.91
2016.17,125,13,H,1.17
2016.17,126,13,H,2.63
2016.17,127,13,H,1.4
2016.17,128,13,D,1.45
2016.17,129,13,H,2.2
2016.17,130,13,A,2.4
2016.17,131,14,H,3.5
2016.17,132,14,A,2.15
2016.17,133,14,H,1.62
2016.17,134,14,H,3.4
2016.17,135,14,H,1.36
2016.17,136,14,H,2.2
2016.17,137,14,A,4.75
2016.17,138,14,H,5
2016.17,139,14,D,3.6
2016.17,140,14,H,1.83
2016.17,141,15,H,1.35
2016.17,142,15,H,3.5
2016.17,143,15,D,3.5
2016.17,144,15,H,5.25
2016.17,145,15,H,2.15
2016.17,146,15,H,3.1
2016.17,147,15,H,1.25
2016.17,148,15,D,1.3
2016.17,149,15,H,2.2
2016.17,150,15,H,1.7
2016.17,151,16,H,2.4
2016.17,152,16,H,4.2
2016.17,153,16,A,5.25
2016.17,154,16,H,1.29
2016.17,155,16,A,6
2016.17,156,16,D,3.1
2016.17,157,16,A,10
2016.17,158,16,H,1.22
2016.17,159,16,H,2.05
2016.17,160,16,H,1.67
2016.17,161,17,A,6.5
2016.17,162,17,H,2.1
2016.17,163,17,D,2.6
2016.17,164,17,H,2.63
2016.17,165,17,A,5.75
2016.17,166,17,H,1.62
2016.17,167,17,A,3
2016.17,168,17,H,2.15
2016.17,169,17,H,1.22
2016.17,170,17,A,4.2
2016.17,171,18,H,1.33
2016.17,172,18,H,2.9
2016.17,173,18,H,1.36
2016.17,174,18,A,10
2016.17,175,18,A,2.5
2016.17,176,18,H,1.22
2016.17,177,18,A,2.63
2016.17,178,18,D,2.5
2016.17,179,18,H,1.3
2016.17,180,18,A,2.8
2016.17,181,19,D,4.33
2016.17,182,19,H,2.4
2016.17,183,19,H,1.25
2016.17,184,19,H,2.1
2016.17,185,19,H,2.35
2016.17,186,19,H,1.25
2016.17,187,19,A,1.75
2016.17,188,19,A,2.9
2016.17,189,19,H,1.29
2016.17,190,19,A,5.5
2016.17,191,20,H,2.2
2016.17,192,20,H,1.17
2016.17,193,20,D,2.75
2016.17,194,20,D,11
2016.17,195,20,H,1.75
2016.17,196,20,A,6
2016.17,197,20,D,4.33
2016.17,198,20,A,1.75
2016.17,199,20,H,1.8
2016.17,200,20,H,2.63
2016.17,201,21,H,3.6
2016.17,202,21,H,3.3
2016.17,203,21,A,6
2016.17,204,21,A,3.1
2016.17,205,21,A,7
2016.17,206,21,H,1.33
2016.17,207,21,D,2.5
2016.17,208,21,H,2.38
2016.17,209,21,H,4.5
2016.17,210,21,D,2.15
2016.17,211,22,D,1.83
2016.17,212,22,A,3.25
2016.17,213,22,A,1.22
2016.17,214,22,D,2.15
2016.17,215,22,A,2.5
2016.17,216,22,D,6
2016.17,217,22,H,1.7
2016.17,218,22,H,1.2
2016.17,219,22,H,1.18
2016.17,220,22,H,1.83
2016.17,221,23,A,1.22
2016.17,222,23,A,2.05
2016.17,223,23,H,2.9
2016.17,224,23,D,2.65
2016.17,225,23,D,2.7
2016.17,226,23,D,9.5
2016.17,227,23,H,3.4
2016.17,228,23,D,1.2
2016.17,229,23,D,2.88
2016.17,230,23,A,6
2016.17,231,24,H,1.95
2016.17,232,24,A,1.7
2016.17,233,24,H,1.7
2016.17,234,24,H,8
2016.17,235,24,A,1.85
2016.17,236,24,H,1.29
2016.17,237,24,H,2.15
2016.17,238,24,H,2.3
2016.17,239,24,A,5.75
2016.17,240,24,H,1.22
2016.17,241,25,H,1.29
2016.17,242,25,H,2.3
2016.17,243,25,H,1.25
2016.17,244,25,D,3.9
2016.17,245,25,H,2.15
2016.17,246,25,A,3.9
2016.17,247,25,D,2.25
2016.17,248,25,D,9
2016.17,249,25,H,2.4
2016.17,250,25,A,7.5
2016.17,251,26,H,1.25
2016.17,252,26,H,2.1
2016.17,253,26,H,1.4
2016.17,254,26,D,2.15
2016.17,255,26,D,2.63
2016.17,256,26,H,2.1
2016.17,257,26,H,1.44
2016.17,258,26,H,5.5
2016.17,259,26,H,1.85
2016.17,260,26,H,2.15
2016.17,261,27,D,1.25
2016.17,262,27,H,1.95
2016.17,263,27,H,2
2016.17,264,27,A,3.6
2016.17,265,27,A,2.2
2016.17,266,27,A,11
2016.17,267,27,H,1.67
2016.17,268,27,A,6
2016.17,269,27,D,1.25
2016.17,270,27,H,2.6
2016.17,271,28,H,1.67
2016.17,272,28,H,2.55
2016.17,273,28,H,1.25
2016.17,274,28,H,2.15
2016.17,275,28,H,1.91
2016.17,276,28,H,1.53
2016.17,277,28,A,6.5
2016.17,278,28,D,2.55
2016.17,279,28,H,5.25
2016.17,280,28,A,2.3
2016.17,281,29,D,2
2016.17,282,29,A,6
2016.17,283,29,H,1.73
2016.17,284,29,A,5.75
2016.17,285,29,A,1.3
2016.17,286,29,H,2.45
2016.17,287,29,H,2.05
2016.17,288,29,H,1.73
2016.17,289,29,D,1.36
2016.17,290,29,D,1.65
2016.17,291,30,H,1.85
2016.17,292,30,D,3.1
2016.17,293,30,D,2
2016.17,294,30,H,2.5
2016.17,295,30,H,1.45
2016.17,296,30,D,1.57
2016.17,297,30,H,2.5
2016.17,298,30,H,1.4
2016.17,299,30,H,2.4
2016.17,300,30,H,2.05
2016.17,301,31,D,1.36
2016.17,302,31,H,1.83
2016.17,303,31,A,5
2016.17,304,31,A,6.5
2016.17,305,31,H,1.2
2016.17,306,31,D,2.45
2016.17,307,31,A,4
2016.17,308,31,H,1.25
2016.17,309,31,A,3
2016.17,310,31,H,2.1
2016.17,311,32,H,1.75
2016.17,312,32,A,10
2016.17,313,32,H,4.5
2016.17,314,32,D,1.73
2016.17,315,32,H,1.4
2016.17,316,32,A,4.33
2016.17,317,32,H,1.95
2016.17,318,32,D,3.3
2016.17,319,32,H,1.25
2016.17,320,32,H,2.4
2016.17,321,33,H,2.55
2016.17,322,33,A,4
2016.17,323,33,A,7
2016.17,324,33,H,1.85
2016.17,325,33,H,1.91
2016.17,326,33,H,2.2
2016.17,327,33,D,3.3
2016.17,328,33,A,5.75
2016.17,329,33,A,1.5
2016.17,330,33,H,1.45
2016.17,331,34,H,1.6
2016.17,332,34,A,5.5
2016.17,333,34,H,2.3
2016.17,334,34,D,1.91
2016.17,335,34,A,1.75
2016.17,336,34,D,1.6
2016.17,337,34,D,2
2016.17,338,34,A,3
2016.17,339,34,A,2.4
2016.17,340,34,A,3.5
2016.17,341,35,D,1.36
2016.17,342,35,D,13
2016.17,343,35,H,1.85
2016.17,344,35,A,5.75
2016.17,345,35,H,8.5
2016.17,346,35,D,2.25
2016.17,347,35,D,2.25
2016.17,348,35,A,1.44
2016.17,349,35,H,1.57
2016.17,350,35,H,1.29
2016.17,351,36,H,2.8
2016.17,352,36,H,1.91
2016.17,353,36,D,1.62
2016.17,354,36,H,1.17
2016.17,355,36,A,3.6
2016.17,356,36,H,1.5
2016.17,357,36,A,10
2016.17,358,36,H,1.91
2016.17,359,36,H,1.25
2016.17,360,36,A,4
2016.17,361,37,A,4.75
2016.17,362,37,A,4.2
2016.17,363,37,H,2.1
2016.17,364,37,H,1.73
2016.17,365,37,A,5.25
2016.17,366,37,H,1.25
2016.17,367,37,H,1.09
2016.17,368,37,H,1.14
2016.17,369,37,D,2.75
2016.17,370,37,A,4.5
2016.17,371,38,H,1.45
2016.17,372,38,A,2.45
2016.17,373,38,H,1.14
2016.17,374,38,A,7
2016.17,375,38,D,2
2016.17,376,38,H,1.14
2016.17,377,38,H,2.5
2016.17,378,38,A,1.8
2016.17,379,38,H,2.1
2016.17,380,38,A,11
2017.18,381,39,H,1.5
2017.18,382,39,A,11
2017.18,383,39,A,1.22
2017.18,384,39,A,1.8
2017.18,385,39,H,1.7
2017.18,386,39,D,1.57
2017.18,387,39,D,6
2017.18,388,39,H,2.4
2017.18,389,39,H,1.28
2017.18,390,39,A,5.25
2017.18,391,40,A,1.95
2017.18,392,40,A,2.55
2017.18,393,40,H,1.75
2017.18,394,40,H,1.34
2017.18,395,40,H,1.7
2017.18,396,40,H,4.5
2017.18,397,40,A,9.25
2017.18,398,40,H,2.4
2017.18,399,40,A,2
2017.18,400,40,D,1.33
2017.18,401,41,A,9.25
2017.18,402,41,A,1.9
2017.18,403,41,D,3.9
2017.18,404,41,H,1.34
2017.18,405,41,H,2.25
2017.18,406,41,D,1.9
2017.18,407,41,H,1.42
2017.18,408,41,H,2.15
2017.18,409,41,D,1.22
2017.18,410,41,D,2.35
2017.18,411,42,H,1.36
2017.18,412,42,H,2.6
2017.18,413,42,A,3.6
2017.18,414,42,A,4.6
2017.18,415,42,H,1.85
2017.18,416,42,A,1.65
2017.18,417,42,D,6.5
2017.18,418,42,H,2.3
2017.18,419,42,A,2.4
2017.18,420,42,H,1.83
2017.18,421,43,H,2.1
2017.18,422,43,A,2.95
2017.18,423,43,D,3.2
2017.18,424,43,D,1.26
2017.18,425,43,H,2.35
2017.18,426,43,D,1.22
2017.18,427,43,A,9.25
2017.18,428,43,D,2.3
2017.18,429,43,D,1.75
2017.18,430,43,H,1.34
2017.18,431,44,D,2.15
2017.18,432,44,H,1.65
2017.18,433,44,A,4
2017.18,434,44,H,1.15
2017.18,435,44,A,5.25
2017.18,436,44,A,5.75
2017.18,437,44,A,2.35
2017.18,438,44,A,5.5
2017.18,439,44,H,2.7
2017.18,440,44,H,1.34
2017.18,441,45,D,2.7
2017.18,442,45,A,2.75
2017.18,443,45,A,8
2017.18,444,45,H,1.15
2017.18,445,45,H,2.8
2017.18,446,45,D,2.15
2017.18,447,45,H,1.8
2017.18,448,45,H,1.22
2017.18,449,45,A,1.62
2017.18,450,45,D,5
2017.18,451,46,D,2.65
2017.18,452,46,H,9
2017.18,453,46,D,2.7
2017.18,454,46,H,1.14
2017.18,455,46,H,2.15
2017.18,456,46,H,1.19
2017.18,457,46,H,5.25
2017.18,458,46,D,3.2
2017.18,459,46,D,1.85
2017.18,460,46,D,2
2017.18,461,47,A,1.8
2017.18,462,47,H,1.35
2017.18,463,47,H,9.5
2017.18,464,47,H,1.09
2017.18,465,47,H,1.95
2017.18,466,47,H,1.8
2017.18,467,47,A,2.2
2017.18,468,47,A,2.75
2017.18,469,47,A,3.9
2017.18,470,47,H,2.15
2017.18,471,48,H,1.25
2017.18,472,48,A,5.25
2017.18,473,48,D,2.35
2017.18,474,48,H,1.22
2017.18,475,48,H,2.05
2017.18,476,48,A,2.05
2017.18,477,48,A,11.5
2017.18,478,48,D,3.1
2017.18,479,48,H,2.15
2017.18,480,48,H,2.85
2017.18,481,49,H,2.65
2017.18,482,49,A,1.95
2017.18,483,49,A,1.62
2017.18,484,49,D,2.55
2017.18,485,49,A,2.35
2017.18,486,49,A,5
2017.18,487,49,H,2.45
2017.18,488,49,H,2.1
2017.18,489,49,H,1.4
2017.18,490,49,H,1.26
2017.18,491,50,H,2.45
2017.18,492,50,H,1.83
2017.18,493,50,H,2.1
2017.18,494,50,D,2.4
2017.18,495,50,A,8
2017.18,496,50,H,1.4
2017.18,497,50,H,1.26
2017.18,498,50,A,5.75
2017.18,499,50,H,2.1
2017.18,500,50,D,2.4
2017.18,501,51,D,2.75
2017.18,502,51,H,2
2017.18,503,51,D,2.15
2017.18,504,51,H,1.18
2017.18,505,51,A,2.2
2017.18,506,51,D,2.8
2017.18,507,51,D,1.22
2017.18,508,51,A,5.75
2017.18,509,51,A,15
2017.18,510,51,H,1.83
2017.18,511,52,D,2.6
2017.18,512,52,H,4.75
2017.18,513,52,A,5
2017.18,514,52,D,2.35
2017.18,515,52,H,1.18
2017.18,516,52,A,2
2017.18,517,52,H,1.19
2017.18,518,52,H,2.3
2017.18,519,52,H,1.17
2017.18,520,52,A,6
2017.18,521,53,A,2.45
2017.18,522,53,A,6.25
2017.18,523,53,H,1.25
2017.18,524,53,H,1.7
2017.18,525,53,H,1.83
2017.18,526,53,H,1.95
2017.18,527,53,D,4.75
2017.18,528,53,D,2.5
2017.18,529,53,D,2.95
2017.18,530,53,H,1.1
2017.18,531,54,H,2.45
2017.18,532,54,D,2
2017.18,533,54,H,2.55
2017.18,534,54,A,2.55
2017.18,535,54,H,2.6
2017.18,536,54,H,1.26
2017.18,537,54,H,7.25
2017.18,538,54,D,1.3
2017.18,539,54,A,3.3
2017.18,540,54,D,4
2017.18,541,55,H,2.25
2017.18,542,55,H,2.25
2017.18,543,55,A,8.5
2017.18,544,55,D,1.2
2017.18,545,55,H,1.26
2017.18,546,55,A,2.35
2017.18,547,55,A,2.05
2017.18,548,55,A,13
2017.18,549,55,H,1.25
2017.18,550,55,D,5.25
2017.18,551,56,H,1.26
2017.18,552,56,D,2.55
2017.18,553,56,H,1.36
2017.18,554,56,A,1.87
2017.18,555,56,H,1.5
2017.18,556,56,A,2.2
2017.18,557,56,A,1.72
2017.18,558,56,A,6.25
2017.18,559,56,A,6
2017.18,560,56,H,1.67
2017.18,561,57,D,2.4
2017.18,562,57,H,2.55
2017.18,563,57,A,7
2017.18,564,57,D,6
2017.18,565,57,D,4.33
2017.18,566,57,H,1.1
2017.18,567,57,D,1.6
2017.18,568,57,H,2.25
2017.18,569,57,D,3.2
2017.18,570,57,A,2.1
2017.18,571,58,D,2.75
2017.18,572,58,H,1.18
2017.18,573,58,D,2.5
2017.18,574,58,H,1.15
2017.18,575,58,D,1.25
2017.18,576,58,H,1.36
2017.18,577,58,H,2.5
2017.18,578,58,D,2.4
2017.18,579,58,A,13
2017.18,580,58,A,4.5
2017.18,581,59,H,2.35
2017.18,582,59,H,1.16
2017.18,583,59,D,2.3
2017.18,584,59,H,1.28
2017.18,585,59,D,1.34
2017.18,586,59,D,2.1
2017.18,587,59,A,1.67
2017.18,588,59,D,11.5
2017.18,589,59,D,4.6
2017.18,590,59,D,2.35
2017.18,591,60,A,7.25
2017.18,592,60,A,5.25
2017.18,593,60,H,1.62
2017.18,594,60,A,2.2
2017.18,595,60,H,1.16
2017.18,596,60,A,1.91
2017.18,597,60,A,10.5
2017.18,598,60,H,1.9
2017.18,599,60,D,2.7
2017.18,600,60,D,1.25
2017.18,601,61,D,1.26
2017.18,602,61,H,2
2017.18,603,61,A,2.6
2017.18,604,61,D,1.9
2017.18,605,61,H,1.25
2017.18,606,61,D,2.4
2017.18,607,61,H,2.1
2017.18,608,61,H,4.75
2017.18,609,61,H,3.1
2017.18,610,61,H,1.22
2017.18,611,62,H,1.5
2017.18,612,62,A,6
2017.18,613,62,A,6.5
2017.18,614,62,D,2.1
2017.18,615,62,H,1.8
2017.18,616,62,H,1.11
2017.18,617,62,H,2
2017.18,618,62,D,1.95
2017.18,619,62,D,5.5
2017.18,620,62,H,10
2017.18,621,63,A,10.5
2017.18,622,63,H,6.5
2017.18,623,63,D,3
2017.18,624,63,A,1.26
2017.18,625,63,H,2.95
2017.18,626,63,H,1.14
2017.18,627,63,D,2.15
2017.18,628,63,D,1.75
2017.18,629,63,D,2.2
2017.18,630,63,H,2.25
2017.18,631,64,H,1.3
2017.18,632,64,H,1.87
2017.18,633,64,H,2.3
2017.18,634,64,D,11
2017.18,635,64,D,1.72
2017.18,636,64,H,1.14
2017.18,637,64,A,2.5
2017.18,638,64,D,2
2017.18,639,64,D,2.05
2017.18,640,64,H,6
2017.18,641,65,H,2.25
2017.18,642,65,H,1.2
2017.18,643,65,D,2.15
2017.18,644,65,H,2.45
2017.18,645,65,H,1.95
2017.18,646,65,H,2.45
2017.18,647,65,H,3.4
2017.18,648,65,H,5.5
2017.18,649,65,A,4.25
2017.18,650,65,H,1.35
2017.18,651,66,D,2.1
2017.18,652,66,H,2.1
2017.18,653,66,D,2.9
2017.18,654,66,D,1.72
2017.18,655,66,H,1.2
2017.18,656,66,H,2.2
2017.18,657,66,A,1.9
2017.18,658,66,A,7
2017.18,659,66,H,2.2
2017.18,660,66,A,4.4
2017.18,661,67,H,2.5
2017.18,662,67,D,1.85
2017.18,663,67,H,1.2
2017.18,664,67,D,1.72
2017.18,665,67,H,2.45
2017.18,666,67,H,1.2
2017.18,667,67,H,2
2017.18,668,67,H,4.1
2017.18,669,67,H,1.6
2017.18,670,67,A,6.5
2017.18,671,68,H,1.3
2017.18,672,68,H,2.2
2017.18,673,68,D,2.5
2017.18,674,68,H,2.65
2017.18,675,68,H,2.7
2017.18,676,68,A,2.9
2017.18,677,68,A,2.2
2017.18,678,68,H,1.5
2017.18,679,68,A,6
2017.18,680,68,A,13
2017.18,681,69,H,1.85
2017.18,682,69,A,2.8
2017.18,683,69,H,1.18
2017.18,684,69,A,2.4
2017.18,685,69,A,2.7
2017.18,686,69,A,6.75
2017.18,687,69,A,8.5
2017.18,688,69,H,1.22
2017.18,689,69,H,1.75
2017.18,690,69,D,2.3
2017.18,691,70,A,2.55
2017.18,692,70,H,2.85
2017.18,693,70,H,1.3
2017.18,694,70,A,2.35
2017.18,695,70,D,2.45
2017.18,696,70,D,1.85
2017.18,697,70,D,4.1
2017.18,698,70,A,1.95
2017.18,699,70,A,1.85
2017.18,700,70,A,9.5
2017.18,701,71,A,2.25
2017.18,702,71,D,2.4
2017.18,703,71,H,1.53
2017.18,704,71,D,1.28
2017.18,705,71,H,2.65
2017.18,706,71,H,1.9
2017.18,707,71,H,2.6
2017.18,708,71,H,1.25
2017.18,709,71,A,4.5
2017.18,710,71,D,2.55
2017.18,711,72,A,2.6
2017.18,712,72,A,1.18
2017.18,713,72,H,3.1
2017.18,714,72,D,2
2017.18,715,72,D,6
2017.18,716,72,A,5
2017.18,717,72,A,4.1
2017.18,718,72,D,2.3
2017.18,719,72,D,2.95
2017.18,720,72,D,6.75
2017.18,721,73,H,1.53
2017.18,722,73,H,1.13
2017.18,723,73,D,2.3
2017.18,724,73,H,2.25
2017.18,725,73,D,2.15
2017.18,726,73,H,2.05
2017.18,727,73,A,2.6
2017.18,728,73,D,1.3
2017.18,729,73,A,1.8
2017.18,730,73,H,1.72
2017.18,731,74,A,7
2017.18,732,74,H,1.44
2017.18,733,74,A,9.25
2017.18,734,74,H,1.16
2017.18,735,74,H,4.5
2017.18,736,74,H,2.05
2017.18,737,74,D,2.85
2017.18,738,74,A,2.2
2017.18,739,74,A,2.6
2017.18,740,74,H,2.35
2017.18,741,75,H,8.25
2017.18,742,75,H,1.53
2017.18,743,75,H,2.15
2017.18,744,75,D,1.07
2017.18,745,75,A,3
2017.18,746,75,D,1.18
2017.18,747,75,H,3.6
2017.18,748,75,H,1.13
2017.18,749,75,H,1.18
2017.18,750,75,D,4.33
2017.18,751,76,A,2.15
2017.18,752,76,H,1.75
2017.18,753,76,A,5.5
2017.18,754,76,H,1.16
2017.18,755,76,H,1.36
2017.18,756,76,H,6.5
2017.18,757,76,A,7.25
2017.18,758,76,A,1.83
2017.18,759,76,H,1.3
2017.18,760,76,H,2.4
2018.19,761,77,H,1.37
2018.19,762,77,A,4.51
2018.19,763,77,H,2.03
2018.19,764,77,A,2.31
2018.19,765,77,A,7.47
2018.19,766,77,H,2.26
2018.19,767,77,D,2.57
2018.19,768,77,H,1.33
2018.19,769,77,D,1.93
2018.19,770,77,A,3.7
2018.19,771,78,D,3.01
2018.19,772,78,H,2.07
2018.19,773,78,H,2.08
2018.19,774,78,H,1.28
2018.19,775,78,A,2.24
2018.19,776,78,H,1.91
2018.19,777,78,A,2.4
2018.19,778,78,H,1.09
2018.19,779,78,H,5.29
2018.19,780,78,A,6.76
2018.19,781,79,D,9.99
2018.19,782,79,D,2.52
2018.19,783,79,H,1.51
2018.19,784,79,D,2.25
2018.19,785,79,A,2.44
2018.19,786,79,H,1.18
2018.19,787,79,H,2.49
2018.19,788,79,H,2.48
2018.19,789,79,A,5.2
2018.19,790,79,A,2.19
2018.19,791,80,A,6.34
2018.19,792,80,D,2.19
2018.19,793,80,H,1.29
2018.19,794,80,A,2.03
2018.19,795,80,D,1.5
2018.19,796,80,A,2.54
2018.19,797,80,H,1.12
2018.19,798,80,A,5.54
2018.19,799,80,A,5.92
2018.19,800,80,H,5.2
2018.19,801,81,A,3.2
2018.19,802,81,H,2.4
2018.19,803,81,H,1.16
2018.19,804,81,A,3.35
2018.19,805,81,H,1.1
2018.19,806,81,A,4.55
2018.19,807,81,A,4.55
2018.19,808,81,H,1.77
2018.19,809,81,A,2
2018.19,810,81,D,2.05
2018.19,811,82,D,2.85
2018.19,812,82,H,3.05
2018.19,813,82,A,20.5
2018.19,814,82,D,2.05
2018.19,815,82,H,1.71
2018.19,816,82,H,1.19
2018.19,817,82,D,1.67
2018.19,818,82,A,5.4
2018.19,819,82,D,5.55
2018.19,820,82,H,1.43
2018.19,821,83,H,4.2
2018.19,822,83,H,1.49
2018.19,823,83,H,1.67
2018.19,824,83,A,6.4
2018.19,825,83,H,1.09
2018.19,826,83,A,2.75
2018.19,827,83,H,1.91
2018.19,828,83,D,2.65
2018.19,829,83,A,2.55
2018.19,830,83,H,2.25
2018.19,831,84,H,2.75
2018.19,832,84,D,2.1
2018.19,833,84,A,2.8
2018.19,834,84,A,2.3
2018.19,835,84,H,1.24
2018.19,836,84,A,2.15
2018.19,837,84,H,1.44
2018.19,838,84,A,5.15
2018.19,839,84,A,6.1
2018.19,840,84,D,2.6
2018.19,841,85,D,1.71
2018.19,842,85,D,2.3
2018.19,843,85,H,2.5
2018.19,844,85,H,1.07
2018.19,845,85,A,2.2
2018.19,846,85,A,3.95
2018.19,847,85,A,1.77
2018.19,848,85,A,10.75
2018.19,849,85,H,1.83
2018.19,850,85,H,1.51
2018.19,851,86,H,3.2
2018.19,852,86,A,2.95
2018.19,853,86,H,1.1
2018.19,854,86,D,2.1
2018.19,855,86,H,1.74
2018.19,856,86,D,2.2
2018.19,857,86,A,10.5
2018.19,858,86,D,4.85
2018.19,859,86,H,1.74
2018.19,860,86,A,5.35
2018.19,861,87,A,3.9
2018.19,862,87,A,3.4
2018.19,863,87,H,1.61
2018.19,864,87,H,2.8
2018.19,865,87,H,1.67
2018.19,866,87,D,4
2018.19,867,87,A,3.5
2018.19,868,87,H,1.13
2018.19,869,87,H,1.32
2018.19,870,87,H,2.4
2018.19,871,88,H,2.6
2018.19,872,88,D,3.35
2018.19,873,88,D,1.53
2018.19,874,88,H,3
2018.19,875,88,D,2.4
2018.19,876,88,A,4.85
2018.19,877,88,H,1.12
2018.19,878,88,D,1.4
2018.19,879,88,D,1.62
2018.19,880,88,H,1.4
2018.19,881,89,D,3.05
2018.19,882,89,H,1.43
2018.19,883,89,H,2.6
2018.19,884,89,D,1.42
2018.19,885,89,A,6.35
2018.19,886,89,A,12.5
2018.19,887,89,H,2.8
2018.19,888,89,A,3.65
2018.19,889,89,A,1.5
2018.19,890,89,A,3.05
2018.19,891,90,H,3.65
2018.19,892,90,H,1.57
2018.19,893,90,A,2.4
2018.19,894,90,H,2.45
2018.19,895,90,H,1.12
2018.19,896,90,A,2.45
2018.19,897,90,D,4
2018.19,898,90,H,1.21
2018.19,899,90,H,2.6
2018.19,900,90,H,1.48
2018.19,901,91,H,1.74
2018.19,902,91,H,3
2018.19,903,91,H,1.67
2018.19,904,91,A,9
2018.19,905,91,A,12.25
2018.19,906,91,D,2.85
2018.19,907,91,H,5.55
2018.19,908,91,D,1.51
2018.19,909,91,D,2.35
2018.19,910,91,H,1.36
2018.19,911,92,A,7
2018.19,912,92,H,1.28
2018.19,913,92,H,2.9
2018.19,914,92,H,3.15
2018.19,915,92,H,1.39
2018.19,916,92,H,2.3
2018.19,917,92,H,3.65
2018.19,918,92,A,4.5
2018.19,919,92,A,3
2018.19,920,92,D,1.74
2018.19,921,93,H,1.22
2018.19,922,93,H,2.8
2018.19,923,93,A,2.6
2018.19,924,93,H,1.19
2018.19,925,93,H,1.61
2018.19,926,93,H,2.05
2018.19,927,93,A,2.95
2018.19,928,93,A,7.75
2018.19,929,93,H,4.3
2018.19,930,93,H,1.56
2018.19,931,94,A,6.75
2018.19,932,94,H,1.21
2018.19,933,94,H,1.95
2018.19,934,94,A,1.34
2018.19,935,94,A,2.9
2018.19,936,94,A,1.14
2018.19,937,94,D,2.05
2018.19,938,94,A,2.35
2018.19,939,94,A,6.35
2018.19,940,94,A,3.2
2018.19,941,95,D,2.95
2018.19,942,95,A,4.2
2018.19,943,95,D,1.67
2018.19,944,95,H,9.5
2018.19,945,95,H,1.17
2018.19,946,95,H,1.33
2018.19,947,95,H,1.34
2018.19,948,95,D,5.5
2018.19,949,95,A,5.25
2018.19,950,95,A,2.25
2018.19,951,96,H,3.35
2018.19,952,96,H,2
2018.19,953,96,A,1.53
2018.19,954,96,A,1.49
2018.19,955,96,D,1.69
2018.19,956,96,H,1.39
2018.19,957,96,A,5
2018.19,958,96,H,3.85
2018.19,959,96,A,11.5
2018.19,960,96,H,1.43
2018.19,961,97,A,2
2018.19,962,97,H,1.35
2018.19,963,97,A,8.5
2018.19,964,97,D,1.28
2018.19,965,97,A,2.3
2018.19,966,97,D,2
2018.19,967,97,A,2.3
2018.19,968,97,D,2.65
2018.19,969,97,A,5.55
2018.19,970,97,H,2
2018.19,971,98,H,3.55
2018.19,972,98,A,10.25
2018.19,973,98,H,2.4
2018.19,974,98,D,2.2
2018.19,975,98,A,2.35
2018.19,976,98,A,1.95
2018.19,977,98,H,1.21
2018.19,978,98,H,1.71
2018.19,979,98,A,2.1
2018.19,980,98,H,1.18
2018.19,981,99,H,2.3
2018.19,982,99,H,2.15
2018.19,983,99,H,1.22
2018.19,984,99,H,1.42
2018.19,985,99,H,2.1
2018.19,986,99,H,2.85
2018.19,987,99,D,1.65
2018.19,988,99,H,3.2
2018.19,989,99,A,22
2018.19,990,99,A,5.65
2018.19,991,100,H,1.23
2018.19,992,100,H,2.45
2018.19,993,100,A,3.85
2018.19,994,100,H,2.05
2018.19,995,100,D,1.31
2018.19,996,100,H,16.25
2018.19,997,100,H,5.35
2018.19,998,100,D,2.45
2018.19,999,100,D,1.25
2018.19,1000,100,H,1.67
2018.19,1001,101,H,1.43
2018.19,1002,101,D,2.5
2018.19,1003,101,D,2.5
2018.19,1004,101,H,1.26
2018.19,1005,101,H,1.91
2018.19,1006,101,A,2.6
2018.19,1007,101,H,3.35
2018.19,1008,101,A,3.75
2018.19,1009,101,H,1.26
2018.19,1010,101,D,9
2018.19,1011,102,A,9.75
2018.19,1012,102,A,5.3
2018.19,1013,102,D,2.15
2018.19,1014,102,A,5.1
2018.19,1015,102,H,1.19
2018.19,1016,102,A,1.8
2018.19,1017,102,H,2.45
2018.19,1018,102,A,2.05
2018.19,1019,102,H,1.69
2018.19,1020,102,H,1.57
2018.19,1021,103,D,1.83
2018.19,1022,103,A,3.15
2018.19,1023,103,H,1.87
2018.19,1024,103,H,5.55
2018.19,1025,103,D,2.9
2018.19,1026,103,H,1.95
2018.19,1027,103,A,2.25
2018.19,1028,103,H,1.57
2018.19,1029,103,D,3.5
2018.19,1030,103,A,3.9
2018.19,1031,104,H,4.95
2018.19,1032,104,H,1.83
2018.19,1033,104,H,2.15
2018.19,1034,104,H,1.44
2018.19,1035,104,H,2
2018.19,1036,104,A,3.25
2018.19,1037,104,H,2.3
2018.19,1038,104,H,1.29
2018.19,1039,104,H,1.14
2018.19,1040,104,D,2.05
2018.19,1041,105,A,12.75
2018.19,1042,105,H,1.8
2018.19,1043,105,A,2.85
2018.19,1044,105,H,1.48
2018.19,1045,105,H,1.56
2018.19,1046,105,H,2.2
2018.19,1047,105,H,2.65
2018.19,1048,105,A,6.75
2018.19,1049,105,D,6.2
2018.19,1050,105,A,1.91
2018.19,1051,106,H,3.25
2018.19,1052,106,A,3.25
2018.19,1053,106,H,1.57
2018.19,1054,106,H,2.8
2018.19,1055,106,H,4.5
2018.19,1056,106,H,1.11
2018.19,1057,106,H,1.17
2018.19,1058,106,D,1.54
2018.19,1059,106,H,2.4
2018.19,1060,106,D,2.1
2018.19,1061,107,A,3.05
2018.19,1062,107,H,1.59
2018.19,1063,107,A,3.9
2018.19,1064,107,H,4.3
2018.19,1065,107,A,19.5
2018.19,1066,107,A,2.55
2018.19,1067,107,H,3.15
2018.19,1068,107,H,1.51
2018.19,1069,107,H,1.8
2018.19,1070,107,H,1.44
2018.19,1071,108,A,2.55
2018.19,1072,108,A,9.25
2018.19,1073,108,H,1.59
2018.19,1074,108,H,1.39
2018.19,1075,108,H,1.77
2018.19,1076,108,H,4
2018.19,1077,108,H,1.3
2018.19,1078,108,H,1.5
2018.19,1079,108,H,1.07
2018.19,1080,108,A,9
2018.19,1081,109,A,2.1
2018.19,1082,109,A,5.55
2018.19,1083,109,A,2.55
2018.19,1084,109,H,3.05
2018.19,1085,109,H,1.28
2018.19,1086,109,A,1.69
2018.19,1087,109,H,1.24
2018.19,1088,109,A,2.25
2018.19,1089,109,H,1.87
2018.19,1090,109,H,4.85
2018.19,1091,110,H,2.6
2018.19,1092,110,H,1.42
2018.19,1093,110,A,10
2018.19,1094,110,H,1.77
2018.19,1095,110,A,3.35
2018.19,1096,110,A,1.95
2018.19,1097,110,H,1.25
2018.19,1098,110,A,1.69
2018.19,1099,110,A,4.1
2018.19,1100,110,D,3.1
2018.19,1101,111,D,1.77
2018.19,1102,111,H,2.5
2018.19,1103,111,H,3.15
2018.19,1104,111,A,1.48
2018.19,1105,111,A,15.5
2018.19,1106,111,D,1.23
2018.19,1107,111,D,2.3
2018.19,1108,111,H,1.29
2018.19,1109,111,H,2.85
2018.19,1110,111,A,6.75
2018.19,1111,112,H,1.07
2018.19,1112,112,A,1.42
2018.19,1113,112,D,2.75
2018.19,1114,112,H,2.4
2018.19,1115,112,D,1.95
2018.19,1116,112,A,2.65
2018.19,1117,112,D,2.25
2018.19,1118,112,H,2.7
2018.19,1119,112,A,17.5
2018.19,1120,112,D,2.65
2018.19,1121,113,H,1.69
2018.19,1122,113,H,5.5
2018.19,1123,113,H,2.3
2018.19,1124,113,H,1.5
2018.19,1125,113,A,2.55
2018.19,1126,113,A,9
2018.19,1127,113,H,1.3
2018.19,1128,113,D,10.75
2018.19,1129,113,D,1.29
2018.19,1130,113,H,1.19
2018.19,1131,114,A,15.25
2018.19,1132,114,A,3.15
2018.19,1133,114,H,1.87
2018.19,1134,114,A,2.6
2018.19,1135,114,D,2.45
2018.19,1136,114,H,1.32
2018.19,1137,114,A,1.28
2018.19,1138,114,D,1.41
2018.19,1139,114,D,2.1
2018.19,1140,114,A,2.2
